{
  "critical_temperatures": [
    {
      "battery_temperature": 8,
      "timestamp": 1724923426937
    }
  ],
  "all_temperatures": [
    {
      "battery_temperature": 8,
      "timestamp": 1724923426937
    },
    {
      "battery_temperature": 43.024268783172545,
      "timestamp": 1724923429736
    },
    {
      "battery_temperature": 33.997846230905765,
      "timestamp": 1724923432844
    },
    {
      "battery_temperature": 56.05997803496554,
      "timestamp": 1724923437254
    }
  ]
}